"File","DipakaiOleh","Jumlah"
"ui-antrean-jurnal.js","","0"
"ui-evaluasi.js","","0"
"ambang-ui.js","index-marketing.html","1"
"api-followup.js","followup.html","1"
"api-pengaturan.js","pengaturan.html","1"
"keputusan.js","index-marketing.html","1"
"marketing.css","index-marketing.html","1"
"minat-settings-ui.js","index-marketing.html","1"
"objection-ui.js","crm.html","1"
"rekap.html","index.html","1"
"ui-antrean.js","index-keuangan.html","1"
"alur.html","index.html, nav.js","2"
"api-keuangan.js","index-keuangan.html, ui-antrean-jurnal.js","2"
"drill-promo.js","index-marketing.html, penawaran-ai.js","2"
"fieldkustom.js","api-crm.js, crm.html","2"
"funnel-iklan.js","index-marketing.html, keputusan.js","2"
"penawaran-ai.js","index-marketing.html, tes-penawaran.js","2"
"promo-tes.js","index-marketing.html, promo-analisis.js","2"
"ui-crm.js","crm.html, fieldkustom.js","2"
"ui-fewshot.js","api-followup.js, followup.html","2"
"api-crm.js","crm.html, fieldkustom.js, kamus.js","3"
"konten-berjalan.js","index-marketing.html, promo-analisis.js, promo-tes.js","3"
"onboarding.html","alur.html, index.html, nav.js","3"
"utils.js","index-keuangan.html, index-marketing.html, tenant-config.js","3"
"api.js","api-keuangan.js, api-marketing.js, tenant-config.js, ui-marketing.js","4"
"kamus.html","alur.html, index.html, nav.js, onboarding.html","4"
"kamus.js","alur.html, eos.html, kamus.html, onboarding.html","4"
"promo-analisis.js","drill-promo.js, index-marketing.html, penawaran-ai.js, tes-penawaran.js","4"
"tes-penawaran.js","index-marketing.html, keputusan.js, promo-analisis.js, promo-tes.js","4"
"ui-followup.js","api-followup.js, followup.html, ui-crm.js, ui-fewshot.js","4"
"index-keuangan.html","api-keuangan.js, index.html, nav.js, ui-antrean-jurnal.js, ui-antrean.js","5"
"index-marketing.html","api-marketing.js, funnel-iklan.js, index-keuangan.html, index.html, nav.js, tenant-config.js","6"
"mkt-extra.js","api-marketing.js, drill-promo.js, index-marketing.html, konten-berjalan.js, penawaran-ai.js, promo-analisis.js","6"
"ui-finance.js","api-keuangan.js, api.js, index-keuangan.html, tenant-config.js, ui-antrean-jurnal.js, utils.js","6"
"api-marketing.js","funnel-iklan.js, index-marketing.html, keputusan.js, konten-berjalan.js, mkt-extra.js, objection-ui.js, penawaran-ai.js","7"
"eos.html","crm.html, index.html, kamus.html, kamus.js, nav.js, onboarding.html, rekap.html","7"
"tenant-config.js","ambang-ui.js, index-marketing.html, minat-settings-ui.js, mkt-extra.js, ui-finance.js, ui-marketing.js, utils.js","7"
"ui-marketing.js","ambang-ui.js, api.js, index-marketing.html, minat-settings-ui.js, mkt-extra.js, tenant-config.js, utils.js","7"
"pengaturan.html","alur.html, crm.html, eos.html, index.html, kamus.html, kamus.js, nav.js, onboarding.html, rekap.html","9"
"style.css","alur.html, crm.html, eos.html, index-keuangan.html, index-marketing.html, kamus.html, onboarding.html, pengaturan.html, rekap.html","9"
"index.html","api.js, crm.html, eos.html, followup.html, index-keuangan.html, kamus.html, nav.js, pengaturan.html, rekap.html, tenant-config.js","10"
"crm.html","alur.html, api-crm.js, eos.html, fieldkustom.js, followup.html, index-keuangan.html, index.html, kamus.html, kamus.js, nav.js, onboarding.html, pengaturan.html, rekap.html, ui-crm.js","14"
"nav.js","alur.html, ambang-ui.js, api-crm.js, eos.html, followup.html, funnel-iklan.js, index-keuangan.html, index-marketing.html, kamus.html, objection-ui.js, onboarding.html, penawaran-ai.js, pengaturan.html, rekap.html","14"
"followup.html","alur.html, api-crm.js, api-followup.js, crm.html, eos.html, index-keuangan.html, index.html, kamus.html, kamus.js, nav.js, onboarding.html, pengaturan.html, rekap.html, ui-crm.js, ui-followup.js","15"
